"TIME","GEO","AGE","SEX","Value","Flag and Footnotes"
"2006","European Union (28 countries)","Total","Total","496,436,597",""
"2006","European Union (27 countries)","Total","Total","492,124,110",""
"2006","Euro area (19 countries)","Total","Total","329,684,938",""
"2006","Euro area (18 countries)","Total","Total","326,395,103",""
"2006","Belgium","Total","Total","10,511,382",""
"2006","Bulgaria","Total","Total","7,629,371",""
"2006","Czech Republic","Total","Total","10,223,577",""
"2006","Denmark","Total","Total","5,427,459",""
"2006","Germany (until 1990 former territory of the FRG)","Total","Total","82,437,995",""
"2006","Germany (including former GDR)","Total","Total","82,437,995",""
"2006","Estonia","Total","Total","1,350,700",""
"2006","Ireland","Total","Total","4,208,156",""
"2006","Greece","Total","Total","11,004,716",""
"2006","Spain","Total","Total","44,009,971",""
"2006","France","Total","Total","63,229,635",""
"2006","France (metropolitan)","Total","Total","61,399,733",""
"2006","Croatia","Total","Total","4,312,487",""
"2006","Italy","Total","Total","58,064,214",""
"2006","Cyprus","Total","Total","744,013",""
"2006","Latvia","Total","Total","2,227,874",""
"2006","Lithuania","Total","Total","3,289,835",""
"2006","Luxembourg","Total","Total","469,086",""
"2006","Hungary","Total","Total","10,076,581",""
"2006","Malta","Total","Total","404,999",""
"2006","Netherlands","Total","Total","16,334,210",""
"2006","Austria","Total","Total","8,254,298",""
"2006","Poland","Total","Total","38,157,055",""
"2006","Portugal","Total","Total","10,511,988",""
"2006","Romania","Total","Total","21,257,016",""
"2006","Slovenia","Total","Total","2,003,358",""
"2006","Slovakia","Total","Total","5,372,928",""
"2006","Finland","Total","Total","5,255,580",""
"2006","Sweden","Total","Total","9,047,752",""
"2006","United Kingdom","Total","Total","60,620,361",""
"2006","European Economic Area (EU-28 plus IS, LI, NO)","Total","Total","501,411,612",""
"2006","European Economic Area (EU-27 plus IS, LI, NO)","Total","Total","497,099,125",""
"2006","European Free Trade Association","Total","Total","12,434,143",""
"2006","Iceland","Total","Total","299,891",""
"2006","Liechtenstein","Total","Total","34,905",""
"2006","Norway","Total","Total","4,640,219",""
"2006","Switzerland","Total","Total","7,459,128",""
"2006","Montenegro","Total","Total","613,109",""
"2006","Former Yugoslav Republic of Macedonia, the","Total","Total","2,038,514",""
"2006","Albania","Total","Total","3,149,143",""
"2006","Serbia","Total","Total","7,425,487",""
"2006","Turkey","Total","Total","68,860,539",""
"2006","Andorra","Total","Total","78,549",""
"2006","Belarus","Total","Total","9,750,540",""
"2006","Bosnia and Herzegovina","Total","Total","3,842,650",""
"2006","Kosovo (under United Nations Security Council Resolution 1244/99)","Total","Total","2,100,000",""
"2006","Moldova","Total","Total","3,589,936",""
"2006","Monaco","Total","Total",":",""
"2006","Russia","Total","Total","142,753,551",""
"2006","San Marino","Total","Total","29,999",""
"2006","Ukraine","Total","Total","46,749,170",""
"2006","Armenia","Total","Total","3,219,234",""
"2006","Azerbaijan","Total","Total","8,436,400",""
"2006","Georgia","Total","Total","4,401,292",""
"2007","European Union (28 countries)","Total","Total","498,300,775",""
"2007","European Union (27 countries)","Total","Total","493,987,245",""
"2007","Euro area (19 countries)","Total","Total","331,204,579",""
"2007","Euro area (18 countries)","Total","Total","327,954,596",""
"2007","Belgium","Total","Total","10,584,534",""
"2007","Bulgaria","Total","Total","7,572,673",""
"2007","Czech Republic","Total","Total","10,254,233",""
"2007","Denmark","Total","Total","5,447,084",""
"2007","Germany (until 1990 former territory of the FRG)","Total","Total","82,314,906",""
"2007","Germany (including former GDR)","Total","Total","82,314,906",""
"2007","Estonia","Total","Total","1,342,920",""
"2007","Ireland","Total","Total","4,340,118",""
"2007","Greece","Total","Total","11,036,008",""
"2007","Spain","Total","Total","44,784,666",""
"2007","France","Total","Total","63,645,065",""
"2007","France (metropolitan)","Total","Total","61,795,238",""
"2007","Croatia","Total","Total","4,313,530",""
"2007","Italy","Total","Total","58,223,744",""
"2007","Cyprus","Total","Total","757,916",""
"2007","Latvia","Total","Total","2,208,840",""
"2007","Lithuania","Total","Total","3,249,983",""
"2007","Luxembourg","Total","Total","476,187",""
"2007","Hungary","Total","Total","10,066,158",""
"2007","Malta","Total","Total","405,616",""
"2007","Netherlands","Total","Total","16,357,992",""
"2007","Austria","Total","Total","8,282,984",""
"2007","Poland","Total","Total","38,125,479",""
"2007","Portugal","Total","Total","10,532,588",""
"2007","Romania","Total","Total","21,130,503",""
"2007","Slovenia","Total","Total","2,010,377",""
"2007","Slovakia","Total","Total","5,373,180",""
"2007","Finland","Total","Total","5,276,955",""
"2007","Sweden","Total","Total","9,113,257",""
"2007","United Kingdom","Total","Total","61,073,279",""
"2007","European Economic Area (EU-28 plus IS, LI, NO)","Total","Total","503,324,749",""
"2007","European Economic Area (EU-27 plus IS, LI, NO)","Total","Total","499,011,219",""
"2007","European Free Trade Association","Total","Total","12,532,713",""
"2007","Iceland","Total","Total","307,672",""
"2007","Liechtenstein","Total","Total","35,168",""
"2007","Norway","Total","Total","4,681,134",""
"2007","Switzerland","Total","Total","7,508,739",""
"2007","Montenegro","Total","Total","614,624",""
"2007","Former Yugoslav Republic of Macedonia, the","Total","Total","2,041,941",""
"2007","Albania","Total","Total","3,152,625",""
"2007","Serbia","Total","Total","7,397,651",""
"2007","Turkey","Total","Total","69,729,967",""
"2007","Andorra","Total","Total","81,222",""
"2007","Belarus","Total","Total","9,714,461",""
"2007","Bosnia and Herzegovina","Total","Total","3,844,017",""
"2007","Kosovo (under United Nations Security Council Resolution 1244/99)","Total","Total","2,126,708",""
"2007","Moldova","Total","Total","3,581,110",""
"2007","Monaco","Total","Total",":",""
"2007","Russia","Total","Total","142,220,968",""
"2007","San Marino","Total","Total","30,368",""
"2007","Ukraine","Total","Total","46,465,691",""
"2007","Armenia","Total","Total","3,222,953",""
"2007","Azerbaijan","Total","Total","8,532,700",""
"2007","Georgia","Total","Total","4,394,702",""
"2008","European Union (28 countries)","Total","Total","500,297,033",""
"2008","European Union (27 countries)","Total","Total","495,985,066",""
"2008","Euro area (19 countries)","Total","Total","333,096,775",""
"2008","Euro area (18 countries)","Total","Total","329,884,170",""
"2008","Belgium","Total","Total","10,666,866",""
"2008","Bulgaria","Total","Total","7,518,002",""
"2008","Czech Republic","Total","Total","10,343,422",""
"2008","Denmark","Total","Total","5,475,791",""
"2008","Germany (until 1990 former territory of the FRG)","Total","Total","82,217,837",""
"2008","Germany (including former GDR)","Total","Total","82,217,837",""
"2008","Estonia","Total","Total","1,338,440",""
"2008","Ireland","Total","Total","4,457,765",""
"2008","Greece","Total","Total","11,060,937",""
"2008","Spain","Total","Total","45,668,939",""
"2008","France","Total","Total","64,007,193",""
"2008","France (metropolitan)","Total","Total","62,134,866",""
"2008","Croatia","Total","Total","4,311,967",""
"2008","Italy","Total","Total","58,652,875",""
"2008","Cyprus","Total","Total","776,333",""
"2008","Latvia","Total","Total","2,191,810",""
"2008","Lithuania","Total","Total","3,212,605",""
"2008","Luxembourg","Total","Total","483,799",""
"2008","Hungary","Total","Total","10,045,401",""
"2008","Malta","Total","Total","407,832",""
"2008","Netherlands","Total","Total","16,405,399",""
"2008","Austria","Total","Total","8,307,989",""
"2008","Poland","Total","Total","38,115,641",""
"2008","Portugal","Total","Total","10,553,339",""
"2008","Romania","Total","Total","20,635,460",""
"2008","Slovenia","Total","Total","2,010,269","b"
"2008","Slovakia","Total","Total","5,376,064",""
"2008","Finland","Total","Total","5,300,484",""
"2008","Sweden","Total","Total","9,182,927",""
"2008","United Kingdom","Total","Total","61,571,647",""
"2008","European Economic Area (EU-28 plus IS, LI, NO)","Total","Total","505,385,019",""
"2008","European Economic Area (EU-27 plus IS, LI, NO)","Total","Total","501,073,052",""
"2008","European Free Trade Association","Total","Total","12,681,480",""
"2008","Iceland","Total","Total","315,459",""
"2008","Liechtenstein","Total","Total","35,356",""
"2008","Norway","Total","Total","4,737,171",""
"2008","Switzerland","Total","Total","7,593,494",""
"2008","Montenegro","Total","Total","615,543",""
"2008","Former Yugoslav Republic of Macedonia, the","Total","Total","2,045,177",""
"2008","Albania","Total","Total","3,170,050",""
"2008","Serbia","Total","Total","7,365,507",""
"2008","Turkey","Total","Total","70,586,256",""
"2008","Andorra","Total","Total","83,137",""
"2008","Belarus","Total","Total","9,689,770",""
"2008","Bosnia and Herzegovina","Total","Total","3,843,846",""
"2008","Kosovo (under United Nations Security Council Resolution 1244/99)","Total","Total","2,153,139",""
"2008","Moldova","Total","Total","3,572,703",""
"2008","Monaco","Total","Total",":",""
"2008","Russia","Total","Total","142,008,838",""
"2008","San Marino","Total","Total","32,054",""
"2008","Ukraine","Total","Total","46,192,309",""
"2008","Armenia","Total","Total","3,230,086",""
"2008","Azerbaijan","Total","Total","8,629,900",""
"2008","Georgia","Total","Total","4,382,070",""
"2009","European Union (28 countries)","Total","Total","502,090,235",""
"2009","European Union (27 countries)","Total","Total","497,780,439","b"
"2009","Euro area (19 countries)","Total","Total","334,470,255",""
"2009","Euro area (18 countries)","Total","Total","331,286,399",""
"2009","Belgium","Total","Total","10,753,080",""
"2009","Bulgaria","Total","Total","7,467,119",""
"2009","Czech Republic","Total","Total","10,425,783",""
"2009","Denmark","Total","Total","5,511,451",""
"2009","Germany (until 1990 former territory of the FRG)","Total","Total","82,002,356",""
"2009","Germany (including former GDR)","Total","Total","82,002,356",""
"2009","Estonia","Total","Total","1,335,740",""
"2009","Ireland","Total","Total","4,521,322",""
"2009","Greece","Total","Total","11,094,745",""
"2009","Spain","Total","Total","46,239,273",""
"2009","France","Total","Total","64,350,226",""
"2009","France (metropolitan)","Total","Total","62,465,709",""
"2009","Croatia","Total","Total","4,309,796",""
"2009","Italy","Total","Total","59,000,586",""
"2009","Cyprus","Total","Total","796,930",""
"2009","Latvia","Total","Total","2,162,834",""
"2009","Lithuania","Total","Total","3,183,856",""
"2009","Luxembourg","Total","Total","493,500",""
"2009","Hungary","Total","Total","10,030,975",""
"2009","Malta","Total","Total","410,926",""
"2009","Netherlands","Total","Total","16,485,787",""
"2009","Austria","Total","Total","8,335,003",""
"2009","Poland","Total","Total","38,135,876","b"
"2009","Portugal","Total","Total","10,563,014",""
"2009","Romania","Total","Total","20,440,290",""
"2009","Slovenia","Total","Total","2,032,362",""
"2009","Slovakia","Total","Total","5,382,401",""
"2009","Finland","Total","Total","5,326,314",""
"2009","Sweden","Total","Total","9,256,347",""
"2009","United Kingdom","Total","Total","62,042,343",""
"2009","European Economic Area (EU-28 plus IS, LI, NO)","Total","Total","507,244,444",""
"2009","European Economic Area (EU-27 plus IS, LI, NO)","Total","Total","502,934,648","b"
"2009","European Free Trade Association","Total","Total","12,856,065",""
"2009","Iceland","Total","Total","319,368",""
"2009","Liechtenstein","Total","Total","35,589",""
"2009","Norway","Total","Total","4,799,252",""
"2009","Switzerland","Total","Total","7,701,856",""
"2009","Montenegro","Total","Total","617,157",""
"2009","Former Yugoslav Republic of Macedonia, the","Total","Total","2,048,619",""
"2009","Albania","Total","Total","3,184,701",""
"2009","Serbia","Total","Total","7,334,937",""
"2009","Turkey","Total","Total","71,517,100",""
"2009","Andorra","Total","Total","84,484",""
"2009","Belarus","Total","Total","9,671,912",""
"2009","Bosnia and Herzegovina","Total","Total","3,843,998",""
"2009","Kosovo (under United Nations Security Council Resolution 1244/99)","Total","Total","2,180,686",""
"2009","Moldova","Total","Total","3,567,512",""
"2009","Monaco","Total","Total",":",""
"2009","Russia","Total","Total","141,903,979",""
"2009","San Marino","Total","Total","31,269",""
"2009","Ukraine","Total","Total","45,963,359",""
"2009","Armenia","Total","Total","3,237,976",""
"2009","Azerbaijan","Total","Total","8,896,900",""
"2009","Georgia","Total","Total","4,385,429",""
"2010","European Union (28 countries)","Total","Total","503,170,618","b"
"2010","European Union (27 countries)","Total","Total","498,867,771",""
"2010","Euro area (19 countries)","Total","Total","335,266,424",""
"2010","Euro area (18 countries)","Total","Total","332,124,448",""
"2010","Belgium","Total","Total","10,839,905",""
"2010","Bulgaria","Total","Total","7,421,766",""
"2010","Czech Republic","Total","Total","10,462,088",""
"2010","Denmark","Total","Total","5,534,738",""
"2010","Germany (until 1990 former territory of the FRG)","Total","Total","81,802,257",""
"2010","Germany (including former GDR)","Total","Total","81,802,257",""
"2010","Estonia","Total","Total","1,333,290",""
"2010","Ireland","Total","Total","4,549,428",""
"2010","Greece","Total","Total","11,119,289",""
"2010","Spain","Total","Total","46,486,619",""
"2010","France","Total","Total","64,658,856",""
"2010","France (metropolitan)","Total","Total","62,765,235",""
"2010","Croatia","Total","Total","4,302,847",""
"2010","Italy","Total","Total","59,190,143",""
"2010","Cyprus","Total","Total","819,140",""
"2010","Latvia","Total","Total","2,120,504",""
"2010","Lithuania","Total","Total","3,141,976",""
"2010","Luxembourg","Total","Total","502,066",""
"2010","Hungary","Total","Total","10,014,324",""
"2010","Malta","Total","Total","414,027",""
"2010","Netherlands","Total","Total","16,574,989",""
"2010","Austria","Total","Total","8,351,643",""
"2010","Poland","Total","Total","38,022,869",""
"2010","Portugal","Total","Total","10,573,479",""
"2010","Romania","Total","Total","20,294,683",""
"2010","Slovenia","Total","Total","2,046,976",""
"2010","Slovakia","Total","Total","5,390,410",""
"2010","Finland","Total","Total","5,351,427",""
"2010","Sweden","Total","Total","9,340,682",""
"2010","United Kingdom","Total","Total","62,510,197",""
"2010","European Economic Area (EU-28 plus IS, LI, NO)","Total","Total","508,382,341","b"
"2010","European Economic Area (EU-27 plus IS, LI, NO)","Total","Total","504,079,494",""
"2010","European Free Trade Association","Total","Total","12,997,529",""
"2010","Iceland","Total","Total","317,630",""
"2010","Liechtenstein","Total","Total","35,894",""
"2010","Norway","Total","Total","4,858,199",""
"2010","Switzerland","Total","Total","7,785,806",""
"2010","Montenegro","Total","Total","619,001",""
"2010","Former Yugoslav Republic of Macedonia, the","Total","Total","2,052,722",""
"2010","Albania","Total","Total",":",""
"2010","Serbia","Total","Total","7,306,677",""
"2010","Turkey","Total","Total","72,561,312",""
"2010","Andorra","Total","Total","84,082",""
"2010","Belarus","Total","Total","9,480,178",""
"2010","Bosnia and Herzegovina","Total","Total","3,844,046",""
"2010","Kosovo (under United Nations Security Council Resolution 1244/99)","Total","Total","2,208,107",""
"2010","Moldova","Total","Total","3,563,695",""
"2010","Monaco","Total","Total",":",""
"2010","Russia","Total","Total","141,914,509",""
"2010","San Marino","Total","Total",":",""
"2010","Ukraine","Total","Total","45,782,592",""
"2010","Armenia","Total","Total","3,249,482",""
"2010","Azerbaijan","Total","Total","8,997,586",""
"2010","Georgia","Total","Total","4,436,391",""
"2011","European Union (28 countries)","Total","Total","504,494,374","b"
"2011","European Union (27 countries)","Total","Total","500,204,517","b"
"2011","Euro area (19 countries)","Total","Total","336,102,126","b"
"2011","Euro area (18 countries)","Total","Total","333,049,538","b"
"2011","Belgium","Total","Total","11,000,638","b"
"2011","Bulgaria","Total","Total","7,369,431",""
"2011","Czech Republic","Total","Total","10,486,731",""
"2011","Denmark","Total","Total","5,560,628",""
"2011","Germany (until 1990 former territory of the FRG)","Total","Total","81,751,602",""
"2011","Germany (including former GDR)","Total","Total","81,751,602",""
"2011","Estonia","Total","Total","1,329,660",""
"2011","Ireland","Total","Total","4,570,881",""
"2011","Greece","Total","Total","11,123,392",""
"2011","Spain","Total","Total","46,667,174",""
"2011","France","Total","Total","64,978,721",""
"2011","France (metropolitan)","Total","Total","63,070,344",""
"2011","Croatia","Total","Total","4,289,857",""
"2011","Italy","Total","Total","59,364,690",""
"2011","Cyprus","Total","Total","839,751",""
"2011","Latvia","Total","Total","2,074,605",""
"2011","Lithuania","Total","Total","3,052,588",""
"2011","Luxembourg","Total","Total","511,840",""
"2011","Hungary","Total","Total","9,985,722",""
"2011","Malta","Total","Total","414,989",""
"2011","Netherlands","Total","Total","16,655,799",""
"2011","Austria","Total","Total","8,375,164",""
"2011","Poland","Total","Total","38,062,718",""
"2011","Portugal","Total","Total","10,572,721",""
"2011","Romania","Total","Total","20,199,059",""
"2011","Slovenia","Total","Total","2,050,189",""
"2011","Slovakia","Total","Total","5,392,446",""
"2011","Finland","Total","Total","5,375,276",""
"2011","Sweden","Total","Total","9,415,570",""
"2011","United Kingdom","Total","Total","63,022,532",""
"2011","European Economic Area (EU-28 plus IS, LI, NO)","Total","Total","509,769,280","b"
"2011","European Economic Area (EU-27 plus IS, LI, NO)","Total","Total","505,479,423","b"
"2011","European Free Trade Association","Total","Total","13,145,040","b"
"2011","Iceland","Total","Total","318,452",""
"2011","Liechtenstein","Total","Total","36,149",""
"2011","Norway","Total","Total","4,920,305",""
"2011","Switzerland","Total","Total","7,870,134","b"
"2011","Montenegro","Total","Total","619,850",""
"2011","Former Yugoslav Republic of Macedonia, the","Total","Total","2,057,284",""
"2011","Albania","Total","Total","2,831,741",""
"2011","Serbia","Total","Total","7,251,549","b"
"2011","Turkey","Total","Total","73,722,988",""
"2011","Andorra","Total","Total","78,115",""
"2011","Belarus","Total","Total","9,481,193",""
"2011","Bosnia and Herzegovina","Total","Total","3,843,183",""
"2011","Kosovo (under United Nations Security Council Resolution 1244/99)","Total","Total","1,794,180","b"
"2011","Moldova","Total","Total","3,560,430",""
"2011","Monaco","Total","Total",":",""
"2011","Russia","Total","Total","142,856,536",""
"2011","San Marino","Total","Total","31,863",""
"2011","Ukraine","Total","Total","45,598,179",""
"2011","Armenia","Total","Total","3,262,650",""
"2011","Azerbaijan","Total","Total","9,111,078",""
"2011","Georgia","Total","Total","4,469,250",""
"2012","European Union (28 countries)","Total","Total","505,576,188","b"
"2012","European Union (27 countries)","Total","Total","501,300,204","b"
"2012","Euro area (19 countries)","Total","Total","336,817,148","b"
"2012","Euro area (18 countries)","Total","Total","333,813,507","b"
"2012","Belgium","Total","Total","11,094,850",""
"2012","Bulgaria","Total","Total","7,327,224",""
"2012","Czech Republic","Total","Total","10,505,445",""
"2012","Denmark","Total","Total","5,580,516",""
"2012","Germany (until 1990 former territory of the FRG)","Total","Total","81,843,743",""
"2012","Germany (including former GDR)","Total","Total","81,843,743",""
"2012","Estonia","Total","Total","1,325,217",""
"2012","Ireland","Total","Total","4,582,707",""
"2012","Greece","Total","Total","11,086,406",""
"2012","Spain","Total","Total","46,818,219",""
"2012","France","Total","Total","65,276,983","b"
"2012","France (metropolitan)","Total","Total","63,375,971",""
"2012","Croatia","Total","Total","4,275,984",""
"2012","Italy","Total","Total","59,394,207",""
"2012","Cyprus","Total","Total","862,011",""
"2012","Latvia","Total","Total","2,044,813",""
"2012","Lithuania","Total","Total","3,003,641",""
"2012","Luxembourg","Total","Total","524,853","b"
"2012","Hungary","Total","Total","9,931,925","b"
"2012","Malta","Total","Total","417,546",""
"2012","Netherlands","Total","Total","16,730,348",""
"2012","Austria","Total","Total","8,408,121",""
"2012","Poland","Total","Total","38,063,792",""
"2012","Portugal","Total","Total","10,542,398",""
"2012","Romania","Total","Total","20,095,996",""
"2012","Slovenia","Total","Total","2,055,496",""
"2012","Slovakia","Total","Total","5,404,322",""
"2012","Finland","Total","Total","5,401,267",""
"2012","Sweden","Total","Total","9,482,855",""
"2012","United Kingdom","Total","Total","63,495,303",""
"2012","European Economic Area (EU-28 plus IS, LI, NO)","Total","Total","510,918,108","b"
"2012","European Economic Area (EU-27 plus IS, LI, NO)","Total","Total","506,642,124","b"
"2012","European Free Trade Association","Total","Total","13,296,582",""
"2012","Iceland","Total","Total","319,575",""
"2012","Liechtenstein","Total","Total","36,475",""
"2012","Norway","Total","Total","4,985,870",""
"2012","Switzerland","Total","Total","7,954,662",""
"2012","Montenegro","Total","Total","620,308",""
"2012","Former Yugoslav Republic of Macedonia, the","Total","Total","2,059,794",""
"2012","Albania","Total","Total",":",""
"2012","Serbia","Total","Total","7,216,649",""
"2012","Turkey","Total","Total","74,724,269",""
"2012","Andorra","Total","Total","78,115",""
"2012","Belarus","Total","Total","9,465,150",""
"2012","Bosnia and Herzegovina","Total","Total","3,839,265",""
"2012","Kosovo (under United Nations Security Council Resolution 1244/99)","Total","Total",":","p"
"2012","Moldova","Total","Total","3,559,541",""
"2012","Monaco","Total","Total",":",""
"2012","Russia","Total","Total","143,056,383",""
"2012","San Marino","Total","Total","33,376",""
"2012","Ukraine","Total","Total","45,453,282",""
"2012","Armenia","Total","Total","3,274,285",""
"2012","Azerbaijan","Total","Total","9,235,085",""
"2012","Georgia","Total","Total","4,497,617",""
"2013","European Union (28 countries)","Total","Total","506,663,671",""
"2013","European Union (27 countries)","Total","Total","502,401,531",""
"2013","Euro area (19 countries)","Total","Total","337,545,629",""
"2013","Euro area (18 countries)","Total","Total","334,573,724",""
"2013","Belgium","Total","Total","11,161,642",""
"2013","Bulgaria","Total","Total","7,284,552",""
"2013","Czech Republic","Total","Total","10,516,125",""
"2013","Denmark","Total","Total","5,602,628",""
"2013","Germany (until 1990 former territory of the FRG)","Total","Total","82,020,578",""
"2013","Germany (including former GDR)","Total","Total","82,020,578",""
"2013","Estonia","Total","Total","1,320,174",""
"2013","Ireland","Total","Total","4,591,087",""
"2013","Greece","Total","Total","11,003,615",""
"2013","Spain","Total","Total","46,727,890",""
"2013","France","Total","Total","65,600,350",""
"2013","France (metropolitan)","Total","Total","63,697,865",""
"2013","Croatia","Total","Total","4,262,140",""
"2013","Italy","Total","Total","59,685,227",""
"2013","Cyprus","Total","Total","865,878",""
"2013","Latvia","Total","Total","2,023,825",""
"2013","Lithuania","Total","Total","2,971,905",""
"2013","Luxembourg","Total","Total","537,039",""
"2013","Hungary","Total","Total","9,908,798",""
"2013","Malta","Total","Total","421,364",""
"2013","Netherlands","Total","Total","16,779,575",""
"2013","Austria","Total","Total","8,451,860",""
"2013","Poland","Total","Total","38,062,535",""
"2013","Portugal","Total","Total","10,487,289",""
"2013","Romania","Total","Total","20,020,074",""
"2013","Slovenia","Total","Total","2,058,821",""
"2013","Slovakia","Total","Total","5,410,836",""
"2013","Finland","Total","Total","5,426,674",""
"2013","Sweden","Total","Total","9,555,893",""
"2013","United Kingdom","Total","Total","63,905,297",""
"2013","European Economic Area (EU-28 plus IS, LI, NO)","Total","Total","512,073,641",""
"2013","European Economic Area (EU-27 plus IS, LI, NO)","Total","Total","507,811,501",""
"2013","European Free Trade Association","Total","Total","13,449,030",""
"2013","Iceland","Total","Total","321,857",""
"2013","Liechtenstein","Total","Total","36,838",""
"2013","Norway","Total","Total","5,051,275",""
"2013","Switzerland","Total","Total","8,039,060",""
"2013","Montenegro","Total","Total","620,893",""
"2013","Former Yugoslav Republic of Macedonia, the","Total","Total","2,062,294",""
"2013","Albania","Total","Total",":",""
"2013","Serbia","Total","Total","7,181,505",""
"2013","Turkey","Total","Total","75,627,384",""
"2013","Andorra","Total","Total","76,246",""
"2013","Belarus","Total","Total","9,463,840",""
"2013","Bosnia and Herzegovina","Total","Total",":",""
"2013","Kosovo (under United Nations Security Council Resolution 1244/99)","Total","Total",":",""
"2013","Moldova","Total","Total","3,559,497",""
"2013","Monaco","Total","Total",":",""
"2013","Russia","Total","Total",":",""
"2013","San Marino","Total","Total","33,562",""
"2013","Ukraine","Total","Total","45,372,692",""
"2013","Armenia","Total","Total",":",""
"2013","Azerbaijan","Total","Total","9,356,483",""
"2013","Georgia","Total","Total",":",""
"2014","European Union (28 countries)","Total","Total","506,944,075","bep"
"2014","European Union (27 countries)","Total","Total","502,697,266","bep"
"2014","Euro area (19 countries)","Total","Total","337,473,384","bp"
"2014","Euro area (18 countries)","Total","Total","334,529,912","bp"
"2014","Belgium","Total","Total","11,203,992",""
"2014","Bulgaria","Total","Total","7,245,677",""
"2014","Czech Republic","Total","Total","10,512,419",""
"2014","Denmark","Total","Total","5,627,235",""
"2014","Germany (until 1990 former territory of the FRG)","Total","Total","80,767,463","b"
"2014","Germany (including former GDR)","Total","Total","80,767,463","b"
"2014","Estonia","Total","Total","1,315,819",""
"2014","Ireland","Total","Total","4,605,501","p"
"2014","Greece","Total","Total","10,926,807",""
"2014","Spain","Total","Total","46,512,199",""
"2014","France","Total","Total","65,889,148","p"
"2014","France (metropolitan)","Total","Total",":",""
"2014","Croatia","Total","Total","4,246,809",""
"2014","Italy","Total","Total","60,782,668",""
"2014","Cyprus","Total","Total","858,000",""
"2014","Latvia","Total","Total","2,001,468",""
"2014","Lithuania","Total","Total","2,943,472",""
"2014","Luxembourg","Total","Total","549,680",""
"2014","Hungary","Total","Total","9,877,365",""
"2014","Malta","Total","Total","425,384",""
"2014","Netherlands","Total","Total","16,829,289",""
"2014","Austria","Total","Total","8,506,889",""
"2014","Poland","Total","Total","38,017,856",""
"2014","Portugal","Total","Total","10,427,301",""
"2014","Romania","Total","Total","19,947,311","e"
"2014","Slovenia","Total","Total","2,061,085",""
"2014","Slovakia","Total","Total","5,415,949",""
"2014","Finland","Total","Total","5,451,270",""
"2014","Sweden","Total","Total","9,644,864",""
"2014","United Kingdom","Total","Total","64,351,155",""
"2014","European Economic Area (EU-28 plus IS, LI, NO)","Total","Total","512,414,845","bep"
"2014","European Economic Area (EU-27 plus IS, LI, NO)","Total","Total","508,168,036","bep"
"2014","European Free Trade Association","Total","Total","13,610,401",""
"2014","Iceland","Total","Total","325,671",""
"2014","Liechtenstein","Total","Total","37,129",""
"2014","Norway","Total","Total","5,107,970",""
"2014","Switzerland","Total","Total","8,139,631",""
"2014","Montenegro","Total","Total","621,521",""
"2014","Former Yugoslav Republic of Macedonia, the","Total","Total","2,065,769",""
"2014","Albania","Total","Total","2,895,947","e"
"2014","Serbia","Total","Total","7,146,759",""
"2014","Turkey","Total","Total","76,667,864",""
"2014","Andorra","Total","Total",":",""
"2014","Belarus","Total","Total","9,468,154",""
"2014","Bosnia and Herzegovina","Total","Total",":",""
"2014","Kosovo (under United Nations Security Council Resolution 1244/99)","Total","Total",":",""
"2014","Moldova","Total","Total","3,557,634",""
"2014","Monaco","Total","Total",":",""
"2014","Russia","Total","Total","143,666,931",""
"2014","San Marino","Total","Total",":",""
"2014","Ukraine","Total","Total","45,245,894",""
"2014","Armenia","Total","Total",":",""
"2014","Azerbaijan","Total","Total","9,477,119",""
"2014","Georgia","Total","Total","4,490,498",""
"2015","European Union (28 countries)","Total","Total","508,450,856","bep"
"2015","European Union (27 countries)","Total","Total","504,225,540","bep"
"2015","Euro area (19 countries)","Total","Total","338,471,000","bep"
"2015","Euro area (18 countries)","Total","Total","335,549,738","bep"
"2015","Belgium","Total","Total","11,258,434",""
"2015","Bulgaria","Total","Total","7,202,198",""
"2015","Czech Republic","Total","Total","10,538,275",""
"2015","Denmark","Total","Total","5,659,715",""
"2015","Germany (until 1990 former territory of the FRG)","Total","Total","81,197,537",""
"2015","Germany (including former GDR)","Total","Total","81,197,537",""
"2015","Estonia","Total","Total","1,313,271",""
"2015","Ireland","Total","Total","4,628,949","p"
"2015","Greece","Total","Total","10,858,018",""
"2015","Spain","Total","Total","46,449,565",""
"2015","France","Total","Total","66,415,161","bp"
"2015","France (metropolitan)","Total","Total",":",""
"2015","Croatia","Total","Total","4,225,316",""
"2015","Italy","Total","Total","60,795,612",""
"2015","Cyprus","Total","Total","847,008",""
"2015","Latvia","Total","Total","1,986,096",""
"2015","Lithuania","Total","Total","2,921,262",""
"2015","Luxembourg","Total","Total","562,958",""
"2015","Hungary","Total","Total","9,855,571",""
"2015","Malta","Total","Total","429,344",""
"2015","Netherlands","Total","Total","16,900,726",""
"2015","Austria","Total","Total","8,576,261",""
"2015","Poland","Total","Total","38,005,614",""
"2015","Portugal","Total","Total","10,374,822","e"
"2015","Romania","Total","Total","19,870,647","e"
"2015","Slovenia","Total","Total","2,062,874",""
"2015","Slovakia","Total","Total","5,421,349",""
"2015","Finland","Total","Total","5,471,753",""
"2015","Sweden","Total","Total","9,747,355",""
"2015","United Kingdom","Total","Total","64,875,165","e"
"2015","European Economic Area (EU-28 plus IS, LI, NO)","Total","Total","513,983,815","bep"
"2015","European Economic Area (EU-27 plus IS, LI, NO)","Total","Total","509,758,499","bep"
"2015","European Free Trade Association","Total","Total","13,770,625",""
"2015","Iceland","Total","Total","329,100",""
"2015","Liechtenstein","Total","Total","37,366",""
"2015","Norway","Total","Total","5,166,493",""
"2015","Switzerland","Total","Total","8,237,666",""
"2015","Montenegro","Total","Total","622,099",""
"2015","Former Yugoslav Republic of Macedonia, the","Total","Total","2,069,172",""
"2015","Albania","Total","Total","2,893,005",""
"2015","Serbia","Total","Total","7,114,393",""
"2015","Turkey","Total","Total","77,695,904",""
"2015","Andorra","Total","Total",":",""
"2015","Belarus","Total","Total",":",""
"2015","Bosnia and Herzegovina","Total","Total",":",""
"2015","Kosovo (under United Nations Security Council Resolution 1244/99)","Total","Total",":",""
"2015","Moldova","Total","Total",":",""
"2015","Monaco","Total","Total",":",""
"2015","Russia","Total","Total",":",""
"2015","San Marino","Total","Total",":",""
"2015","Ukraine","Total","Total",":",""
"2015","Armenia","Total","Total",":",""
"2015","Azerbaijan","Total","Total",":",""
"2015","Georgia","Total","Total",":",""
